Vendedor,Total_Vendido,Promedio_Vendido,Ventas_Realizadas
María,1834165.82,23217.288860759494,79
Pedro,1538264.07,20787.352297297297,74
Carlos,1370838.1099999999,16923.927283950616,81
Juan,1299205.51,17556.831216216215,74
Laura,992991.52,17420.903859649123,57
