Producto,Total_Vendido,Promedio_Vendido,Precio_Promedio
Monitor,1740142.04,20001.63264367816,801.4912643678161
Laptop,1531333.59,18674.799878048783,732.3017073170731
Teclado,1345104.18,18682.0025,788.0330555555555
Mouse,1260754.78,19699.2934375,781.48296875
Auriculares,1158130.44,19302.174,807.0658333333333
